Rank;Sourceid;Title;Type;Issn;Publisher;Open Access;Open Access Diamond;SJR;SJR Quartile;H index;Total Docs. (2015);Total Docs. (3years);Total Refs.;Total Citations (3years);Citable Docs. (3years);Citations / Doc. (2years);Ref. / Doc.;%Female;Overton;Country;Region;Publisher;Coverage;Categories;Areas
1;15574;"Information Systems Research";journal;"15265536, 10477047";"INFORMS Inst.for Operations Res.and the Management Sciences";No;No;3,587;Q1;203;48;188;3224;1233;182;6,87;67,17;18,55;7;United States;Northern America;"INFORMS Inst.for Operations Res.and the Management Sciences";"1990-2025";"Computer Networks and Communications (Q1); Information Systems (Q1); Information Systems and Management (Q1); Library and Information Sciences (Q1); Management Information Systems (Q1)";"Business, Management and Accounting; Computer Science; Decision Sciences; Social Sciences"
2;15933;"Portal";journal;"15307131, 15312542";"Johns Hopkins University Press";No;No;2,550;-;48;47;85;1624;171;72;2,18;34,55;73,24;11;United States;Northern America;"Johns Hopkins University Press";"2001-2026";"Development (Q1)";"Social Sciences"
3;14238;"College and Research Libraries";journal;"00100870, 21506701";"Association of College and Research Libraries";Yes;Yes;2,546;Q1;63;62;121;2591;312;107;2,45;41,79;71,05;8;United States;Northern America;"Association of College and Research Libraries";"1942, 1946-1947, 1954, 1964, 1987-2026";"Library and Information Sciences (Q1)";"Social Sciences"
4;21100451321;"Scientific Data";journal;"20524463";"Nature Research";Yes;No;2,187;Q1;165;75;49;2918;216;47;4,41;38,91;33,02;23;United Kingdom;Western Europe;"Nature Research";"2014-2026";"Computer Science Applications (Q1); Education (Q1); Information Systems (Q1); Library and Information Sciences (Q1); Statistics and Probability (Q1); Statistics, Probability and Uncertainty (Q1)";"Computer Science; Decision Sciences; Mathematics; Social Sciences"
5;200147110;"Information Communication and Society";journal;"14684462, 1369118X";"Routledge";No;No;2,102;Q1;136;91;235;4557;1352;222;3,88;50,08;36,31;0;United Kingdom;Western Europe;"Routledge";"2001, 2005-2026";"Communication (Q1); Library and Information Sciences (Q1)";"Social Sciences"
6;15074;"European Journal of Information Systems";journal;"0960085X, 14769344";"Taylor and Francis Ltd.";No;No;1,814;Q1;151;40;131;3151;689;129;4,71;78,78;23,33;3;United Kingdom;Western Europe;"Taylor and Francis Ltd.";"1995-2026";"Information Systems (Q1); Library and Information Sciences (Q1)";"Computer Science; Social Sciences"
7;19600157322;"Journal of Cheminformatics";journal;"17582946";"BioMed Central Ltd";Yes;No;1,676;Q1;101;79;134;3367;740;131;4,64;42,62;21,45;3;United Kingdom;Western Europe;"BioMed Central Ltd";"2009-2026";"Computer Graphics and Computer-Aided Design (Q1); Computer Science Applications (Q1); Library and Information Sciences (Q1); Physical and Theoretical Chemistry (Q1)";"Chemistry; Computer Science; Social Sciences"
8;5100155103;"Journal of Informetrics";journal;"18755879, 17511577";"Elsevier B.V.";No;No;1,665;Q1;107;83;269;3274;847;247;3,01;39,45;26,58;22;Netherlands;Western Europe;"Elsevier B.V.";"2007-2026";"Applied Mathematics (Q1); Computer Science Applications (Q1); Library and Information Sciences (Q1); Management Science and Operations Research (Q1); Modeling and Simulation (Q1); Statistics and Probability (Q1)";"Computer Science; Decision Sciences; Mathematics; Social Sciences"
9;14735;"Government Information Quarterly";journal;"0740624X";"Elsevier Ltd";No;No;1,610;Q1;157;51;215;3007;1441;206;5,41;58,96;31,25;38;United Kingdom;Western Europe;"Elsevier Ltd";"1984-2026";"E-learning (Q1); Law (Q1); Library and Information Sciences (Q1); Sociology and Political Science (Q1)";"Social Sciences"
10;13971;"Library and Information Science Research";journal;"07408188";"Elsevier B.V.";Yes;No;1,578;Q1;74;45;108;2341;276;97;2,01;52,02;55,41;5;United Kingdom;Western Europe;"Elsevier B.V.";"1987-2026";"Information Systems (Q1); Library and Information Sciences (Q1)";"Computer Science; Social Sciences"
11;130080;"Journal of Chemical Information and Modeling";journal;"1549960X, 15499596";"American Chemical Society";No;No;1,575;Q1;219;242;914;13907;4137;909;4,08;57,47;28,28;5;United States;Northern America;"American Chemical Society";"2005-2026";"Chemical Engineering (miscellaneous) (Q1); Chemistry (miscellaneous) (Q1); Computer Science Applications (Q1); Library and Information Sciences (Q1)";"Chemical Engineering; Chemistry; Computer Science; Social Sciences"
12;15107;"IEEE Transactions on Information Theory";journal;"00189448, 15579654";"Institute of Electrical and Electronics Engineers Inc.";No;No;1,574;Q1;310;443;1568;14747;5702;1568;3,29;33,29;17,27;0;United States;Northern America;"Institute of Electrical and Electronics Engineers Inc.";"1963-2026";"Computer Science Applications (Q1); Information Systems (Q1); Library and Information Sciences (Q1)";"Computer Science; Social Sciences"
13;21100307484;"Journal of the Association for Information Science and Technology";journal;"23301643, 23301635";"John Wiley and Sons Ltd";No;No;1,504;Q1;181;201;580;10805;2069;542;3,06;53,76;31,32;38;United Kingdom;Western Europe;"John Wiley and Sons Ltd";"2014-2026";"Computer Networks and Communications (Q1); Information Systems (Q1); Information Systems and Management (Q1); Library and Information Sciences (Q1)";"Computer Science; Decision Sciences; Social Sciences"
14;144671;"Reference Services Review";journal;"00907324";"Emerald Group Publishing Ltd.";No;No;1,480;Q1;46;40;124;1238;180;121;1,25;30,95;77,33;0;United Kingdom;Western Europe;"Emerald Group Publishing Ltd.";"1973-2026";"E-learning (Q1); Library and Information Sciences (Q1)";"Social Sciences"
15;12791;"Journal of Academic Librarianship";journal;"00991333";"Elsevier B.V.";No;No;1,461;Q1;75;107;237;3633;415;218;1,80;33,95;63,45;20;United Kingdom;Western Europe;"Elsevier B.V.";"1988-2026";"Education (Q1); Library and Information Sciences (Q1)";"Social Sciences"
16;29745;"Information and Organization";journal;"14717727";"Elsevier Ltd";No;No;1,213;Q1;83;11;46;893;163;46;3,55;81,18;44,44;3;United Kingdom;Western Europe;"Elsevier Ltd";"1996-1997, 2001-2026";"Information Systems (Q1); Library and Information Sciences (Q1); Management Information Systems (Q1); Management of Technology and Innovation (Q1); Organizational Behavior and Human Resource Management (Q1)";"Business, Management and Accounting; Computer Science; Social Sciences"
17;15916;"Journal of Health Communication";journal;"10810730, 10870415";"Taylor and Francis Ltd.";No;No;1,197;Q1;120;189;411;8287;1121;379;2,24;43,85;61,26;94;United Kingdom;Western Europe;"Taylor and Francis Ltd.";"1996-2026";"Communication (Q1); Health (social science) (Q1); Library and Information Sciences (Q1); Public Health, Environmental and Occupational Health (Q1)";"Medicine; Social Sciences"
18;15631;"International Journal of Information Management";journal;"02684012";"Elsevier Ltd";No;No;1,195;Q1;215;74;235;4379;1263;226;5,65;59,18;31,52;20;United Kingdom;Western Europe;"Elsevier Ltd";"1970, 1986-2026";"Computer Networks and Communications (Q1); Information Systems (Q1); Library and Information Sciences (Q1)";"Computer Science; Social Sciences"
19;28040;"International Journal of Geographical Information Science";journal;"13658816, 13658824";"Taylor and Francis Ltd.";No;No;1,157;Q1;149;112;371;4724;1173;365;3,20;42,18;26,55;11;United Kingdom;Western Europe;"Taylor and Francis Ltd.";"1997-2026";"Geography, Planning and Development (Q1); Information Systems (Q1); Library and Information Sciences (Q1)";"Computer Science; Social Sciences"
20;24222;"Scientometrics";journal;"15882861, 01389130";"Springer Nature";No;No;1,149;Q1;167;363;876;14706;2371;843;2,62;40,51;33,78;87;Switzerland;Western Europe;"Springer Nature";"1978-2026";"Computer Science Applications (Q1); Library and Information Sciences (Q1); Social Sciences (miscellaneous) (Q1)";"Computer Science; Social Sciences"
21;4700152782;"College and Undergraduate Libraries";journal;"10691316, 15452530";"Routledge";No;No;1,136;Q1;26;27;84;583;88;80;0,89;21,59;85,71;1;United States;Northern America;"Routledge";"1994-2004, 2006-2026";"Education (Q1); E-learning (Q1); Library and Information Sciences (Q1)";"Social Sciences"
22;12815;"Journal of Information Technology";journal;"14664437, 02683962";"Palgrave Macmillan Ltd.";No;No;1,136;Q1;102;34;89;1932;307;62;3,31;56,82;18,64;12;United Kingdom;Western Europe;"Palgrave Macmillan Ltd.";"1987-2026";"Information Systems (Q1); Library and Information Sciences (Q1); Strategy and Management (Q1)";"Business, Management and Accounting; Computer Science; Social Sciences"
23;12709;"Information Technology and Libraries";journal;"07309295, 21635226";"American Library Association";Yes;Yes;1,104;Q1;42;27;77;552;105;57;1,27;20,44;52,63;2;United States;Northern America;"American Library Association";"1968, 1971-1974, 1981, 1988-2025";"Information Systems (Q1); Library and Information Sciences (Q1)";"Computer Science; Social Sciences"
24;14060;"Library Quarterly";journal;"00242519, 1549652X";"University of Chicago Press";No;No;1,100;Q1;50;27;80;924;114;67;1,64;34,22;65,22;3;United States;Northern America;"University of Chicago Press";"1946-1947, 1951, 1958, 1979, 1981, 1988-2026";"Library and Information Sciences (Q1)";"Social Sciences"
25;145507;"Cybermetrics";journal;"11375019";"";Yes;No;1,096;Q1;16;1;5;29;14;5;11,00;29,00;0,00;0;Spain;Western Europe;"";"1997, 1999-2002, 2004-2013, 2015";"Library and Information Sciences (Q1)";"Social Sciences"
26;16004;"Reference and User Services Quarterly";journal;"10949054";"American Library Association";No;No;1,095;Q1;41;42;128;662;96;114;0,65;15,76;71,05;4;United States;Northern America;"American Library Association";"1997-2019, 2021, 2024-2025";"Information Systems (Q1); Library and Information Sciences (Q1)";"Computer Science; Social Sciences"
27;23842;"Journal of Classification";journal;"01764268, 14321343";"Springer New York";No;No;1,035;Q1;51;21;55;750;86;49;1,59;35,71;30,00;0;United States;Northern America;"Springer New York";"1984-2026";"Library and Information Sciences (Q1); Mathematics (miscellaneous) (Q1); Psychology (miscellaneous) (Q1); Statistics, Probability and Uncertainty (Q2)";"Decision Sciences; Mathematics; Psychology; Social Sciences"
28;13316;"Journal of Librarianship and Information Science";journal;"09610006, 17416477";"SAGE Publications Ltd";No;No;1,009;Q1;45;28;71;1308;119;70;1,89;46,71;65,08;5;United Kingdom;Western Europe;"SAGE Publications Ltd";"1969-2026";"Library and Information Sciences (Q1)";"Social Sciences"
29;14239;"College and Research Libraries News";journal;"21506698, 00990086";"Association of College and Research Libraries";No;No;0,962;Q1;30;99;287;478;216;240;0,76;4,83;76,03;5;United States;Northern America;"Association of College and Research Libraries";"1986-1988, 1990-2026";"Education (Q1); Library and Information Sciences (Q1)";"Social Sciences"
30;19400158481;"Journal of Web Librarianship";journal;"19322909, 19322917";"Routledge";No;No;0,943;Q1;24;11;77;222;85;73;0,98;20,18;60,00;2;United States;Northern America;"Routledge";"2007-2026";"Computer Science Applications (Q1); Library and Information Sciences (Q1)";"Computer Science; Social Sciences"
31;12794;"Journal of Documentation";journal;"00220418";"Emerald Group Publishing Ltd.";No;No;0,939;Q1;80;63;157;3838;278;155;1,61;60,92;55,65;0;United Kingdom;Western Europe;"Emerald Group Publishing Ltd.";"1945-2026";"Information Systems (Q1); Library and Information Sciences (Q1)";"Computer Science; Social Sciences"
32;144908;"Library Hi Tech";journal;"07378831";"Emerald Group Publishing Ltd.";No;No;0,939;Q1;59;41;141;1339;218;141;1,49;32,66;53,57;0;United Kingdom;Western Europe;"Emerald Group Publishing Ltd.";"1983-2025";"Information Systems (Q1); Library and Information Sciences (Q1)";"Computer Science; Social Sciences"
33;5600155499;"Canadian Journal of Program Evaluation";journal;"08341516";"Canadian Journal of Program Evaluation";No;No;0,918;Q1;24;15;68;389;55;58;0,74;25,93;72,73;3;Canada;Northern America;"Canadian Journal of Program Evaluation";"1996, 2000-2001, 2003, 2005-2010, 2012-2025";"Library and Information Sciences (Q1)";"Social Sciences"
34;144983;"Archival Science";journal;"13890166, 15737500";"Springer Science and Business Media B.V.";No;No;0,916;Q1;48;20;63;1167;117;59;1,43;58,35;65,63;4;Netherlands;Western Europe;"Springer Science and Business Media B.V.";"2001-2026";"History (Q1); Library and Information Sciences (Q1)";"Arts and Humanities; Social Sciences"
35;19400158815;"Communications in Information Literacy";journal;"19335954";"Communications in Information Literacy";Yes;Yes;0,914;Q1;26;18;58;432;54;54;1,00;24,00;72,73;3;United States;Northern America;"Communications in Information Literacy";"2009-2025";"Education (Q1); E-learning (Q1); Library and Information Sciences (Q1)";"Social Sciences"
36;4700152795;"Journal of Library Administration";journal;"01930826, 15403564";"Routledge";No;No;0,888;Q1;36;51;146;828;200;139;1,49;16,24;70,13;5;United States;Northern America;"Routledge";"1980-2026";"Library and Information Sciences (Q1); Public Administration (Q1)";"Social Sciences"
37;18916;"Social Science Computer Review";journal;"15528286, 08944393";"SAGE Publications Inc.";No;No;0,887;Q1;104;44;141;2089;413;140;2,65;47,48;39,42;26;United States;Northern America;"SAGE Publications Inc.";"1983-2026";"Computer Science Applications (Q1); Law (Q1); Library and Information Sciences (Q1); Social Sciences (miscellaneous) (Q1)";"Computer Science; Social Sciences"
38;22894;"Research Evaluation";journal;"09582029, 14715449";"Oxford University Press";No;No;0,875;Q1;70;37;98;1659;216;97;1,98;44,84;38,74;25;United Kingdom;Western Europe;"Oxford University Press";"1991-1996, 1998-2026";"Education (Q1); Library and Information Sciences (Q1)";"Social Sciences"
39;98245;"Library Resources and Technical Services";journal;"00242527";"American Library Association";Yes;No;0,850;Q1;26;15;63;320;56;51;0,54;21,33;62,50;0;United States;Northern America;"American Library Association";"1978-1979, 1981-1984, 1988-2025";"Information Systems (Q1); Library and Information Sciences (Q1)";"Computer Science; Social Sciences"
40;4700152804;"Internet Reference Services Quarterly";journal;"15404749, 10875301";"Routledge";No;No;0,835;Q1;24;11;45;315;40;41;0,88;28,64;63,64;0;United States;Northern America;"Routledge";"1996-2002, 2004-2018, 2020-2026";"E-learning (Q1); Library and Information Sciences (Q1)";"Social Sciences"
41;144818;"Collection Building";journal;"01604953, 20545592";"Emerald Publishing";No;No;0,814;Q1;0;0;0;0;0;0;0,00;0,00;0,00;0;United Kingdom;Western Europe;"Emerald Publishing";"1978-2018";"Library and Information Sciences (Q1)";"Social Sciences"
42;145663;"Language Resources and Evaluation";journal;"1574020X, 15740218";"Springer Science and Business Media B.V.";No;No;0,807;Q1;70;31;122;1379;275;119;2,28;44,48;32,71;2;Netherlands;Western Europe;"Springer Science and Business Media B.V.";"1996-2002, 2005-2026";"Education (Q1); Library and Information Sciences (Q1); Linguistics and Language (Q1)";"Social Sciences"
43;4700152758;"Reference Librarian";journal;"02763877, 15411117";"Routledge";No;No;0,799;Q1;27;31;111;569;79;109;0,57;18,35;64,71;0;United States;Northern America;"Routledge";"1982-2025";"Library and Information Sciences (Q1)";"Social Sciences"
44;21100788884;"International Journal of Multimedia Information Retrieval";journal;"21926611, 2192662X";"Springer London";No;No;0,796;Q1;37;22;64;841;154;57;2,02;38,23;5,88;0;United Kingdom;Western Europe;"Springer London";"2012-2026";"Information Systems (Q1); Library and Information Sciences (Q1); Media Technology (Q1)";"Computer Science; Engineering; Social Sciences"
45;17857;"Journal of the Medical Library Association";journal;"15365050, 15589439";"Medical Library Association";Yes;Yes;0,782;Q1;82;65;180;729;233;147;1,41;11,22;66,37;10;United States;Northern America;"Medical Library Association";"1999, 2001-2026";"Library and Information Sciences (Q1); Health Informatics (Q2); Medicine (miscellaneous) (Q2)";"Medicine; Social Sciences"
46;4700152789;"Collection Management";journal;"01462679, 15452549";"Routledge";No;No;0,745;Q1;24;16;66;301;38;55;0,51;18,81;70,83;0;United States;Northern America;"Routledge";"1976, 1978-1979, 1981-1999, 2001-2025";"Library and Information Sciences (Q1); Strategy and Management (Q2)";"Business, Management and Accounting; Social Sciences"
47;12689;"Information Processing and Management";journal;"18735371, 03064573";"Elsevier Ltd";No;No;0,730;Q1;149;68;225;3372;612;223;2,49;49,59;25,38;5;United Kingdom;Western Europe;"Elsevier Ltd";"1975-2026";"Library and Information Sciences (Q1); Media Technology (Q1); Computer Science Applications (Q2); Information Systems (Q2); Management Science and Operations Research (Q2)";"Computer Science; Decision Sciences; Engineering; Social Sciences"
48;21100496832;"International Conference on Mathematics and Computational Methods Applied to Nuclear Science and Engineering, M and C 2013";conference and proceedings;"-";"";No;No;0,702;-;10;0;67;0;57;65;0,85;0,00;0,00;0;United States;Northern America;"";"";"Applied Mathematics; Computer Science Applications; Library and Information Sciences; Statistics, Probability and Uncertainty";"Computer Science; Decision Sciences; Mathematics; Social Sciences"
49;22315;"Personal and Ubiquitous Computing";journal;"16174909, 16174917";"Springer London";No;No;0,672;-;106;94;409;3265;1303;378;2,87;34,73;30,70;6;United Kingdom;Western Europe;"Springer London";"1997-2026";"Hardware and Architecture (Q1); Computer Science Applications (Q2); Management Science and Operations Research (Q2)";"Computer Science; Decision Sciences"
50;20870;"Telecommunications Policy";journal;"03085961";"Elsevier Ltd";No;No;0,666;-;101;72;265;3899;472;247;1,71;54,15;26,85;35;United Kingdom;Western Europe;"Elsevier Ltd";"1976-2026";"Electrical and Electronic Engineering (Q1); Human Factors and Ergonomics (Q2); Information Systems (Q2)";"Computer Science; Engineering; Social Sciences"
51;144644;"Library Management";journal;"01435124";"Emerald Group Publishing Ltd.";No;No;0,653;Q1;43;49;129;1336;139;129;1,03;27,27;56,70;0;United Kingdom;Western Europe;"Emerald Group Publishing Ltd.";"1979-2025";"Library and Information Sciences (Q1)";"Social Sciences"
52;15511;"Program";journal;"00330337";"Emerald Group Publishing Ltd.";No;No;0,653;Q1;0;0;0;0;0;0;0,00;0,00;0,00;0;United Kingdom;Western Europe;"Emerald Group Publishing Ltd.";"1907, 1968-2017";"Library and Information Sciences (Q1); Information Systems (Q2)";"Computer Science; Social Sciences"
53;19700201446;"New Review of Academic Librarianship";journal;"13614533, 17407834";"Taylor and Francis Ltd.";No;No;0,648;Q1;30;27;55;538;44;50;0,76;19,93;63,64;0;United Kingdom;Western Europe;"Taylor and Francis Ltd.";"1995-2026";"Library and Information Sciences (Q1); E-learning (Q2)";"Social Sciences"
54;4700152829;"Journal of Library and Information Services in Distance Learning";journal;"15332918, 1533290X";"Routledge";No;No;0,644;Q1;19;32;89;526;69;76;0,64;16,44;73,47;0;United States;Northern America;"Routledge";"2004-2007, 2009-2025";"Library and Information Sciences (Q1); E-learning (Q2)";"Social Sciences"
55;15133;"Information Retrieval Journal";journal;"13864564, 15737659";"Springer Science and Business Media B.V.";No;No;0,639;Q1;0;0;0;0;0;0;0,00;0,00;0,00;0;Netherlands;Western Europe;"Springer Science and Business Media B.V.";"1999-2023";"Library and Information Sciences (Q1); Information Systems (Q2)";"Computer Science; Social Sciences"
56;15442;"Information Systems Management";journal;"10580530";"Taylor and Francis Ltd.";No;No;0,634;Q1;77;29;97;1659;195;81;1,44;57,21;27,69;4;United Kingdom;Western Europe;"Taylor and Francis Ltd.";"1992-2026";"Library and Information Sciences (Q1); Computer Science Applications (Q2); Information Systems (Q2)";"Computer Science; Social Sciences"
57;2600147402;"Ethics and Information Technology";journal;"13881957, 15728439";"Springer Science and Business Media B.V.";No;No;0,625;Q1;87;25;74;1278;167;72;1,73;51,12;27,91;9;Netherlands;Western Europe;"Springer Science and Business Media B.V.";"1999-2026";"Library and Information Sciences (Q1); Computer Science Applications (Q2)";"Computer Science; Social Sciences"
58;21100258853;"F1000Research";journal;"20461402";"F1000 Research Ltd";Yes;No;0,620;-;129;350;466;15962;522;457;1,16;45,61;36,57;30;United Kingdom;Western Europe;"F1000 Research Ltd";"2012-2026";"Pharmacology, Toxicology and Pharmaceutics (miscellaneous) (Q1); Biochemistry, Genetics and Molecular Biology (miscellaneous) (Q2); Medicine (miscellaneous) (Q2); Immunology and Microbiology (miscellaneous)  (Q3)";"Biochemistry, Genetics and Molecular Biology; Immunology and Microbiology; Medicine; Pharmacology, Toxicology and Pharmaceutics"
59;30004;"Health Information and Libraries Journal";journal;"14711842, 14711834";"Wiley-Blackwell Publishing Ltd";No;No;0,619;Q1;57;38;117;1177;134;104;0,97;30,97;56,44;6;United Kingdom;Western Europe;"Wiley-Blackwell Publishing Ltd";"2001-2025";"Library and Information Sciences (Q1); Health Informatics (Q2); Health Information Management (Q2)";"Health Professions; Medicine; Social Sciences"
60;21100374356;"Aslib Journal of Information Management";journal;"20503806, 20503814";"Emerald Group Publishing Ltd.";No;No;0,618;Q2;58;36;111;2117;191;109;1,79;58,81;31,46;0;United Kingdom;Western Europe;"Emerald Group Publishing Ltd.";"2014-2026";"Information Systems (Q2); Library and Information Sciences (Q2)";"Computer Science; Social Sciences"
61;21100805777;"Information and Learning Science";journal;"23985356, 23985348";"Emerald Publishing";No;No;0,615;Q2;43;52;153;1856;150;144;0,92;35,69;68,89;0;United Kingdom;Western Europe;"Emerald Publishing";"2017-2026";"Computer Science Applications (Q2); Education (Q2); Library and Information Sciences (Q2)";"Computer Science; Social Sciences"
62;15420;"Electronic Library";journal;"02640473";"Emerald Group Publishing Ltd.";No;No;0,610;Q2;53;70;162;2586;185;162;1,03;36,94;40,79;0;United Kingdom;Western Europe;"Emerald Group Publishing Ltd.";"1983-2026";"Computer Science Applications (Q2); Library and Information Sciences (Q2)";"Computer Science; Social Sciences"
63;144673;"Performance Measurement and Metrics";journal;"14678047";"Emerald Group Publishing Ltd.";No;No;0,606;Q2;27;19;51;473;48;49;1,10;24,89;57,63;0;United Kingdom;Western Europe;"Emerald Group Publishing Ltd.";"2000-2026";"Literature and Literary Theory (Q1); Library and Information Sciences (Q2)";"Arts and Humanities; Social Sciences"
64;12881;"Behavioral and Social Sciences Librarian";journal;"01639269, 15444546";"Routledge";No;No;0,590;Q2;19;21;63;358;40;45;0,70;17,05;61,11;0;United States;Northern America;"Routledge";"1979-2002, 2004-2017";"Social Sciences (miscellaneous) (Q1); Library and Information Sciences (Q2)";"Social Sciences"
65;21100199774;"Evidence Based Library and Information Practice";journal;"1715720X";"University of Alberta";Yes;Yes;0,579;Q2;22;86;218;961;116;141;0,45;11,17;71,74;3;Canada;Northern America;"University of Alberta";"2011-2025";"Library and Information Sciences (Q2)";"Social Sciences"
66;12813;"Journal of Information Science";journal;"01655515, 17416485";"SAGE Publications Ltd";No;No;0,566;Q2;86;59;166;2618;382;164;1,50;44,37;27,89;6;United Kingdom;Western Europe;"SAGE Publications Ltd";"1979-2026";"Information Systems (Q2); Library and Information Sciences (Q2)";"Computer Science; Social Sciences"
67;145510;"Libri";journal;"18658423, 00242667";"De Gruyter Saur";Yes;Yes;0,554;Q2;33;24;89;1166;88;88;0,98;48,58;48,89;1;Germany;Western Europe;"De Gruyter Saur";"1950, 1953-1956, 1958-2026";"Library and Information Sciences (Q2)";"Social Sciences"
68;19700182685;"Journal of Library Metadata";journal;"19375034, 19386389";"Taylor and Francis Ltd.";No;No;0,551;Q2;19;16;60;305;31;58;0,51;19,06;60,00;1;United Kingdom;Western Europe;"Taylor and Francis Ltd.";"2008-2026";"E-learning (Q2); Library and Information Sciences (Q2)";"Social Sciences"
69;15386;"Online Information Review";journal;"14684527, 14684535";"Emerald Publishing";No;No;0,544;Q2;85;53;176;2608;317;173;1,53;49,21;41,44;0;United Kingdom;Western Europe;"Emerald Publishing";"1980-1995, 1997, 1999-2026";"Computer Science Applications (Q2); Information Systems (Q2); Library and Information Sciences (Q2)";"Computer Science; Social Sciences"
70;12085;"American Archivist";journal;"03609081";"Society of American Archivists";No;No;0,531;Q2;37;26;77;1045;57;66;0,83;40,19;63,16;1;United States;Northern America;"Society of American Archivists";"1938-2025";"Arts and Humanities (miscellaneous) (Q2); Library and Information Sciences (Q2)";"Arts and Humanities; Social Sciences"
71;14721;"Medical Reference Services Quarterly";journal;"02763869, 15409597";"Routledge";No;No;0,529;Q2;31;43;123;560;123;122;0,91;13,02;87,21;1;United States;Northern America;"Routledge";"1982-2026";"Health Informatics (Q2); Library and Information Sciences (Q2)";"Medicine; Social Sciences"
72;130132;"Information Technology and People";journal;"09593845";"Emerald Group Publishing Ltd.";No;No;0,528;Q2;92;36;60;2625;154;60;2,30;72,92;37,21;0;United Kingdom;Western Europe;"Emerald Group Publishing Ltd.";"1990, 1992, 1994-2026";"Computer Science Applications (Q2); Information Systems (Q2); Library and Information Sciences (Q2)";"Computer Science; Social Sciences"
73;4700152908;"Knowledge Management Research and Practice";journal;"14778238, 14778246";"Taylor and Francis Ltd.";No;No;0,522;Q2;62;39;112;2635;171;107;1,53;67,56;37,50;4;United Kingdom;Western Europe;"Taylor and Francis Ltd.";"2006-2026";"Business and International Management (Q2); Library and Information Sciences (Q2); Management Information Systems (Q2); Management of Technology and Innovation (Q2)";"Business, Management and Accounting; Social Sciences"
74;4700152770;"Cataloging and Classification Quarterly";journal;"15444554, 01639374";"Routledge";No;No;0,520;Q2;31;48;162;2023;101;154;0,60;42,15;67,95;13;United States;Northern America;"Routledge";"1981-2026";"Library and Information Sciences (Q2)";"Social Sciences"
75;21100814051;"Information Discovery and Delivery";journal;"23986247";"Emerald Group Publishing Ltd.";No;No;0,515;Q2;30;29;87;408;65;82;0,62;14,07;45,45;0;United Kingdom;Western Europe;"Emerald Group Publishing Ltd.";"2017-2026";"Library and Information Sciences (Q2)";"Social Sciences"
76;4700152731;"Public Library Quarterly";journal;"01616846, 15411540";"Routledge";No;No;0,511;Q2;26;23;67;537;45;67;0,61;23,35;53,33;4;United States;Northern America;"Routledge";"1979-1986, 1988-2026";"Library and Information Sciences (Q2)";"Social Sciences"
77;11500153514;"Revista Espanola de Documentacion Cientifica";journal;"02100614, 19884621";"CSIC Consejo Superior de Investigaciones Cientificas";Yes;Yes;0,499;Q2;24;33;115;1089;103;111;0,79;33,00;41,43;12;Spain;Western Europe;"CSIC Consejo Superior de Investigaciones Cientificas";"1984, 2008-2025";"Library and Information Sciences (Q2)";"Social Sciences"
78;19700187503;"Australian Academic and Research Libraries";journal;"00048623, 1839471X";"Australian Library and Information Association";No;No;0,493;Q2;36;20;84;548;53;72;0,70;27,40;61,90;3;Australia;Pacific Region;"Australian Library and Information Association";"1955, 1988-2016";"Library and Information Sciences (Q2)";"Social Sciences"
79;4700152763;"Public Services Quarterly";journal;"15229114, 15228959";"Routledge";No;No;0,491;Q2;21;31;96;278;52;80;0,52;8,97;82,86;1;United States;Northern America;"Routledge";"2002-2003, 2006-2026";"Accounting (Q2); Library and Information Sciences (Q2); Public Administration (Q2)";"Business, Management and Accounting; Social Sciences"
80;25547;"Interacting with Computers";journal;"18737951, 09535438";"Oxford University Press";No;No;0,477;-;100;40;136;2180;285;131;1,64;54,50;29,53;6;United Kingdom;Western Europe;"Oxford University Press";"1989-2026";"Human-Computer Interaction (Q2); Software (Q2)";"Computer Science"
81;4700152802;"Journal of Business and Finance Librarianship";journal;"15470644, 08963568";"Routledge";No;No;0,464;Q2;23;24;77;517;44;60;0,31;21,54;65,52;1;United States;Northern America;"Routledge";"1990-1992, 1994, 1996-2026";"E-learning (Q2); Library and Information Sciences (Q2); Management Information Systems (Q2); Marketing (Q2)";"Business, Management and Accounting; Social Sciences"
82;21100201051;"Annals of Library and Information Studies";journal;"09725423, 09752404";"National Institute of Science Communication and Information Resources (NISCAIR)";Yes;Yes;0,463;Q2;19;38;101;696;50;97;0,47;18,32;43,24;0;India;Asiatic Region;"National Institute of Science Communication and Information Resources (NISCAIR)";"2011-2025";"Computer Science Applications (Q2); Library and Information Sciences (Q2)";"Computer Science; Social Sciences"
83;23776;"Archivaria";journal;"03186954";"Association of Canadian Archivists";No;No;0,463;Q2;35;12;49;1260;30;45;0,42;105,00;68,75;0;Canada;Northern America;"Association of Canadian Archivists";"1980, 1989-1990, 1996-2025";"Library and Information Sciences (Q2)";"Social Sciences"
84;22510;"Learned Publishing";journal;"09531513, 17414857";"Wiley-Blackwell";No;No;0,456;-;52;45;118;707;116;99;1,06;15,71;47,62;9;United States;Northern America;"Wiley-Blackwell";"1996-2026";"Communication (Q2)";"Social Sciences"
85;144645;"Library Review";journal;"00242535";"Emerald Group Publishing Ltd.";No;No;0,452;Q2;0;0;0;0;0;0;0,00;0,00;0,00;0;United Kingdom;Western Europe;"Emerald Group Publishing Ltd.";"1927-2017";"Library and Information Sciences (Q2)";"Social Sciences"
86;27984;"Fukushima Journal of Medical Sciences";journal;"00162590, 21854610";"Fukushima Society of Medical Science";No;No;0,448;-;23;21;78;0;67;76;0,81;0,00;17,07;0;Japan;Asiatic Region;"Fukushima Society of Medical Science";"1964-2026";"Medicine (miscellaneous) (Q2)";"Medicine"
87;13360;"Knowledge Organization (discontinued)";journal;"09437444";"International Society for Knowledge Organization";No;No;0,447;Q2;37;58;115;1769;97;106;0,88;30,50;55,56;2;Germany;Western Europe;"International Society for Knowledge Organization";"1993-2024";"Library and Information Sciences (Q2)";"Social Sciences"
88;13413;"Legal Reference Services Quarterly";journal;"0270319X, 1540949X";"Taylor and Francis Ltd.";No;No;0,444;Q2;10;14;41;1035;10;41;0,21;73,93;53,85;0;United States;Northern America;"Taylor and Francis Ltd.";"1981-2026";"Law (Q2); Library and Information Sciences (Q2)";"Social Sciences"
89;144955;"Education and Information Technologies";journal;"15737608, 13602357";"Springer";No;No;0,440;Q2;121;45;133;1755;162;120;1,17;39,00;38,30;9;United States;Northern America;"Springer";"1996-2002, 2005-2026";"Education (Q2); E-learning (Q2); Library and Information Sciences (Q2)";"Social Sciences"
90;12690;"Information Research";journal;"13681613";"University of Boras";Yes;Yes;0,439;Q2;61;46;157;2548;142;144;0,88;55,39;48,57;0;Sweden;Western Europe;"University of Boras";"1996-2026";"Library and Information Sciences (Q2)";"Social Sciences"
91;144979;"Records Management Journal";journal;"09565698";"Emerald Group Publishing Ltd.";No;No;0,439;Q2;30;16;45;625;46;43;0,83;39,06;64,71;0;United Kingdom;Western Europe;"Emerald Group Publishing Ltd.";"1989-1991, 1994-2026";"Library and Information Sciences (Q2); Management Information Systems (Q2)";"Business, Management and Accounting; Social Sciences"
92;5400152654;"Journal of Access Services";journal;"15367967, 15367975";"Routledge";No;No;0,434;Q2;15;11;60;80;26;59;0,42;7,27;60,00;0;United States;Northern America;"Routledge";"2002-2026";"Library and Information Sciences (Q2)";"Social Sciences"
93;6200180164;"Profesional de la Informacion (discontinued)";journal;"16992407, 13866710";"El Profesional de la Informacion";No;No;0,433;Q2;56;89;231;2598;216;231;0,94;29,19;48,89;26;Spain;Western Europe;"El Profesional de la Informacion";"2006-2025";"Cultural Studies (Q1); Communication (Q2); Information Systems (Q2); Library and Information Sciences (Q2)";"Computer Science; Social Sciences"
94;130065;"Journal of Enterprise Information Management";journal;"17410398";"Emerald Publishing";No;No;0,419;Q2;100;41;112;3033;231;104;1,95;73,98;24,21;0;United Kingdom;Western Europe;"Emerald Publishing";"2004-2026";"Decision Sciences (miscellaneous) (Q2); Information Systems (Q2); Library and Information Sciences (Q2); Management of Technology and Innovation (Q2)";"Business, Management and Accounting; Computer Science; Decision Sciences; Social Sciences"
95;14066;"Library Trends";journal;"15590682, 00242594";"Johns Hopkins University Press";No;No;0,410;Q2;57;52;129;2513;93;121;0,53;48,33;58,67;5;United States;Northern America;"Johns Hopkins University Press";"1980-2026";"Library and Information Sciences (Q2)";"Social Sciences"
96;4700152422;"Journal of Map and Geography Libraries";journal;"15420353, 15420361";"Routledge";No;No;0,405;Q2;17;21;64;413;58;56;0,57;19,67;45,00;1;United States;Northern America;"Routledge";"2004-2026";"Library and Information Sciences (Q2)";"Social Sciences"
97;16610;"Serials Librarian";journal;"15411095, 0361526X";"Routledge";No;No;0,403;Q2;22;73;201;885;85;196;0,43;12,12;68,10;0;United States;Northern America;"Routledge";"1977-2026";"Library and Information Sciences (Q2)";"Social Sciences"
98;13399;"Law Library Journal";journal;"00239283";"American Association of Law Libraries";No;No;0,391;Q2;20;25;88;1187;37;84;0,53;47,48;63,64;0;United States;Northern America;"American Association of Law Libraries";"1978, 1987-2025";"Law (Q2); Library and Information Sciences (Q2)";"Social Sciences"
99;4700152722;"Technical Services Quarterly";journal;"07317131";"Routledge";No;No;0,388;Q2;20;81;160;265;38;86;0,22;3,27;61,90;2;United States;Northern America;"Routledge";"1984-2026";"Library and Information Sciences (Q2); Computer Science Applications (Q3)";"Computer Science; Social Sciences"
100;13992;"Library Collections, Acquisition and Technical Services";journal;"14649055, 18731821";"Taylor and Francis Ltd.";No;No;0,385;Q2;24;9;38;249;22;35;0,48;27,67;56,25;0;United Kingdom;Western Europe;"Taylor and Francis Ltd.";"1980-1997, 1999-2015, 2017";"Library and Information Sciences (Q2); Information Systems (Q3)";"Computer Science; Social Sciences"
101;147225;"Computers in the Schools";journal;"07380569, 15287033";"Routledge";No;No;0,382;Q2;41;17;65;658;63;58;0,74;38,71;58,97;3;United States;Northern America;"Routledge";"1984-1997, 1999, 2001-2026";"Computer Science (miscellaneous) (Q2); Education (Q2); Library and Information Sciences (Q2)";"Computer Science; Social Sciences"
102;15394;"D-Lib Magazine";journal;"10829873";"Corporation for National Research Initiatives";Yes;No;0,378;Q2;60;61;142;1040;127;128;0,87;17,05;42,62;9;United States;Northern America;"Corporation for National Research Initiatives";"1996-2017";"Library and Information Sciences (Q2)";"Social Sciences"
103;6400153106;"Information Development";journal;"17416469, 02666669";"SAGE Publications Ltd";No;No;0,375;Q2;48;50;119;1644;100;100;0,70;32,88;37,66;6;United Kingdom;Western Europe;"SAGE Publications Ltd";"1985-2026";"Library and Information Sciences (Q2)";"Social Sciences"
104;21100212132;"DESIDOC Journal of Library and Information Technology";journal;"09740643, 09764658";"Defence Scientific Information and Documentation Centre";No;No;0,371;Q2;22;54;198;899;92;186;0,43;16,65;31,25;2;India;Asiatic Region;"Defence Scientific Information and Documentation Centre";"2012-2025";"Library and Information Sciences (Q2)";"Social Sciences"
105;21100801727;"Digital Library Perspectives";journal;"20595816, 20595824";"Emerald Publishing";No;No;0,370;Q2;30;21;75;331;47;75;0,76;15,76;53,13;0;United Kingdom;Western Europe;"Emerald Publishing";"2016-2026";"Education (Q2); Library and Information Sciences (Q2); Information Systems (Q3)";"Computer Science; Social Sciences"
106;16800154717;"IFLA Journal";journal;"03400352, 17452651";"SAGE Publications Ltd";No;No;0,366;Q2;31;35;101;986;57;87;0,57;28,17;64,41;3;United Kingdom;Western Europe;"SAGE Publications Ltd";"1975-2026";"Library and Information Sciences (Q2)";"Social Sciences"
107;21100801725;"VINE Journal of Information and Knowledge Management Systems";journal;"20595905, 20595891";"Emerald Publishing";No;No;0,357;Q2;48;27;76;1791;101;76;1,37;66,33;35,09;0;United Kingdom;Western Europe;"Emerald Publishing";"2016-2026";"Computer Networks and Communications (Q2); Library and Information Sciences (Q2); Computer Science Applications (Q3); Information Systems (Q3); Management of Technology and Innovation (Q3)";"Business, Management and Accounting; Computer Science; Social Sciences"
108;18735;"Accountability in Research";journal;"15455815, 08989621";"Taylor and Francis Ltd.";No;No;0,355;Q2;43;30;78;1037;64;71;0,96;34,57;31,71;4;United Kingdom;Western Europe;"Taylor and Francis Ltd.";"1989-2026";"Education (Q2); Library and Information Sciences (Q2); Medicine (miscellaneous) (Q3)";"Medicine; Social Sciences"
109;15069;"World Patent Information";journal;"01722190";"Elsevier Ltd";No;No;0,355;Q2;42;44;135;777;80;118;0,58;17,66;31,65;5;United Kingdom;Western Europe;"Elsevier Ltd";"1979-2026";"Energy Engineering and Power Technology (Q2); Fuel Technology (Q2); Library and Information Sciences (Q2); Bioengineering (Q3); Computer Science Applications (Q3); Process Chemistry and Technology (Q3); Renewable Energy, Sustainability and the Environment (Q3)";"Chemical Engineering; Computer Science; Energy; Social Sciences"
110;7600153106;"Malaysian Journal of Library and Information Science";journal;"13946234";"Faculty of Computer Science and Information Technology";No;No;0,353;Q2;31;20;62;791;45;62;0,81;39,55;48,94;0;Malaysia;Asiatic Region;"Faculty of Computer Science and Information Technology";"1996-2025";"Library and Information Sciences (Q2)";"Social Sciences"
111;4700152762;"Journal of Archival Organization";journal;"15332748, 15332756";"Routledge";No;No;0,335;Q2;15;0;50;0;18;43;0,43;0,00;0,00;0;United States;Northern America;"Routledge";"2002, 2004-2025";"Library and Information Sciences (Q2)";"Social Sciences"
112;8300153137;"International Journal of Metadata, Semantics and Ontologies";journal;"1744263X, 17442621";"Inderscience Enterprises Ltd";No;No;0,334;Q2;23;25;89;701;75;84;0,78;28,04;40,30;0;United Kingdom;Western Europe;"Inderscience Enterprises Ltd";"2006-2024";"E-learning (Q2); Library and Information Sciences (Q2); Computer Science Applications (Q3); Information Systems (Q3)";"Computer Science; Social Sciences"
113;145200;"International Journal on Digital Libraries";journal;"14325012, 14321300";"Springer Verlag";No;No;0,332;Q2;42;30;44;1074;41;40;1,26;35,80;29,63;4;Germany;Western Europe;"Springer Verlag";"1997-1998, 2000, 2004-2010, 2012-2026";"Library and Information Sciences (Q2)";"Social Sciences"
114;17900156721;"Journal of Electronic Resources Librarianship";journal;"1941126X, 19411278";"Routledge";No;No;0,329;Q2;18;43;105;379;34;98;0,30;8,81;75,68;0;United States;Northern America;"Routledge";"2008-2025";"Library and Information Sciences (Q2); Information Systems (Q3)";"Computer Science; Social Sciences"
115;29335;"Education for Information";journal;"18758649, 01678329";"SAGE Publications Ltd";No;No;0,328;Q2;24;14;27;661;20;26;0,67;47,21;56,00;0;United Kingdom;Western Europe;"SAGE Publications Ltd";"1983-2025";"Library and Information Sciences (Q2); Education (Q3); Information Systems (Q3)";"Computer Science; Social Sciences"
116;21100237436;"Journal of Information and Knowledge Management";journal;"02196492, 17936926";"World Scientific";No;No;0,312;Q3;30;36;110;1686;65;108;0,57;46,83;36,84;0;Singapore;Asiatic Region;"World Scientific";"2002-2026";"Computer Networks and Communications (Q3); Computer Science Applications (Q3); Library and Information Sciences (Q3)";"Computer Science; Social Sciences"
117;21100264301;"International Conference on Information Systems, ICIS 2012";conference and proceedings;"-";"";No;No;0,310;-;24;0;257;0;242;253;0,00;0,00;0,00;0;United States;Northern America;"";"";"Applied Mathematics; Computer Science Applications; Library and Information Sciences; Statistics, Probability and Uncertainty";"Computer Science; Decision Sciences; Mathematics; Social Sciences"
118;16611;"Serials Review";journal;"00987913";"Taylor and Francis Ltd.";No;No;0,300;Q3;28;42;159;411;69;148;0,51;9,79;64,04;1;United Kingdom;Western Europe;"Taylor and Francis Ltd.";"1973, 1975-2025";"Library and Information Sciences (Q3)";"Social Sciences"
119;12749;"International Information and Library Review";journal;"10959297, 10572317";"Taylor and Francis Ltd.";No;No;0,295;Q3;34;10;63;353;45;62;0,56;35,30;55,00;1;United Kingdom;Western Europe;"Taylor and Francis Ltd.";"1992-2026";"E-learning (Q3); Library and Information Sciences (Q3)";"Social Sciences"
120;25991;"Social Science Information";journal;"05390184, 14617412";"SAGE Publications Ltd";No;No;0,293;Q3;51;27;93;1283;103;87;1,15;47,52;35,56;4;United Kingdom;Western Europe;"SAGE Publications Ltd";"1962-2026";"Social Sciences (miscellaneous) (Q2); Library and Information Sciences (Q3)";"Social Sciences"
121;16552;"School Library Media Research";journal;"15234320";"American Library Association";Yes;No;0,288;Q3;0;0;0;0;0;0;0,00;0,00;0,00;0;United States;Northern America;"American Library Association";"2000-2014";"Media Technology (Q1); Library and Information Sciences (Q3)";"Engineering; Social Sciences"
122;16568;"Science and Technology Libraries";journal;"0194262X, 15411109";"Routledge";No;No;0,288;Q3;27;19;81;632;45;81;0,51;33,26;57,14;0;United States;Northern America;"Routledge";"1980-2008, 2010-2026";"Library and Information Sciences (Q3)";"Social Sciences"
123;19700170495;"LIBER Quarterly";journal;"14355205";"";Yes;Yes;0,286;Q3;23;13;69;310;49;53;0,75;23,85;58,33;1;Netherlands;Western Europe;"";"1999-2026";"Library and Information Sciences (Q3)";"Social Sciences"
124;12981;"Kybernetes";journal;"0368492X";"Emerald Publishing";No;No;0,281;-;65;99;342;3696;269;339;0,83;37,33;26,49;0;United Kingdom;Western Europe;"Emerald Publishing";"1972-2026";"Computer Science (miscellaneous) (Q2); Engineering (miscellaneous) (Q2); Social Sciences (miscellaneous) (Q2); Artificial Intelligence (Q3); Control and Systems Engineering (Q3); Electrical and Electronic Engineering (Q3); Information Systems (Q3); Software (Q3); Theoretical Computer Science (Q4)";"Computer Science; Engineering; Mathematics; Social Sciences"
125;10700153302;"International Journal of Data Mining and Bioinformatics";journal;"17485681, 17485673";"Inderscience Enterprises Ltd";No;No;0,280;Q3;26;73;150;2363;114;149;0,71;32,37;29,71;0;United Kingdom;Western Europe;"Inderscience Enterprises Ltd";"2006-2026";"Biochemistry, Genetics and Molecular Biology (miscellaneous) (Q3); Information Systems (Q3); Library and Information Sciences (Q3)";"Biochemistry, Genetics and Molecular Biology; Computer Science; Social Sciences"
126;4700152746;"Music Reference Services Quarterly";journal;"10588167, 15409503";"Routledge";No;No;0,274;Q3;11;16;66;133;14;61;0,23;8,31;68,42;0;United States;Northern America;"Routledge";"1992-1998, 2001-2002, 2004-2026";"Music (Q1); Library and Information Sciences (Q3)";"Arts and Humanities; Social Sciences"
127;13412;"Lecture Notes in Control and Information Sciences";book series;"16107411, 01708643";"Springer Science and Business Media Deutschland GmbH";No;No;0,273;Q3;60;255;404;4266;230;299;0,51;16,73;17,63;3;Germany;Western Europe;"Springer Science and Business Media Deutschland GmbH";"1982-1986, 1988, 1990-1991, 1993, 1996, 2005-2026";"Library and Information Sciences (Q3)";"Social Sciences"
128;145356;"Library Hi Tech News";journal;"07419058";"Emerald Group Publishing Ltd.";No;No;0,273;Q3;31;45;155;452;64;154;0,45;10,04;53,06;0;United Kingdom;Western Europe;"Emerald Group Publishing Ltd.";"1999-2026";"Information Systems (Q3); Library and Information Sciences (Q3)";"Computer Science; Social Sciences"
129;4700152734;"Journal of Hospital Librarianship";journal;"15323277, 15323269";"Routledge";No;No;0,272;Q3;16;40;116;478;41;115;0,32;11,95;76,27;0;United Kingdom;Western Europe;"Routledge";"2001-2026";"Library and Information Sciences (Q3); Medicine (miscellaneous) (Q3)";"Medicine; Social Sciences"
130;19400156823;"Issues in Science and Technology Librarianship";journal;"10921206";"Association of College and Research Libraries";Yes;Yes;0,269;Q3;24;36;79;396;36;77;0,35;11,00;62,16;0;United States;Northern America;"Association of College and Research Libraries";"1996-2026";"Engineering (miscellaneous) (Q2); Library and Information Sciences (Q3)";"Engineering; Social Sciences"
131;15135;"Information Services and Use";journal;"01675265, 18758789";"SAGE Publications Ltd";No;No;0,265;Q3;28;20;103;180;39;98;0,45;9,00;31,03;0;United Kingdom;Western Europe;"SAGE Publications Ltd";"1981-2025";"Computer Science Applications (Q3); Information Systems (Q3); Library and Information Sciences (Q3)";"Computer Science; Social Sciences"
132;4400151723;"Webology (discontinued)";journal;"1735188X";"Webology Center";Yes;No;0,263;Q3;23;12;37;404;33;37;0,89;33,67;48,15;0;Iran;Middle East;"Webology Center";"2006-2021";"Human-Computer Interaction (Q3); Information Systems and Management (Q3); Library and Information Sciences (Q3); Software (Q3)";"Computer Science; Decision Sciences; Social Sciences"
133;19700182210;"Library Leadership and Management";journal;"19458851, 1945886X";"American Library Association";No;No;0,262;Q3;15;30;98;537;35;76;0,34;17,90;74,19;0;United States;Northern America;"American Library Association";"2009-2026";"Library and Information Sciences (Q3); Strategy and Management (Q3)";"Business, Management and Accounting; Social Sciences"
134;19700182724;"Revista General de Informacion y Documentacion";journal;"19882858, 11321873";"Universidad Complutense Madrid";Yes;Yes;0,261;Q3;10;26;50;871;15;50;0,23;33,50;60,00;0;Spain;Western Europe;"Universidad Complutense Madrid";"2009-2025";"Library and Information Sciences (Q3)";"Social Sciences"
135;21100829144;"Journal of the Australian Library and Information Association";journal;"24750158, 24750166";"Taylor and Francis Ltd.";No;No;0,255;Q3;32;30;77;546;43;61;0,46;18,20;71,11;2;United Kingdom;Western Europe;"Taylor and Francis Ltd.";"2017-2026";"Library and Information Sciences (Q3)";"Social Sciences"
136;21100205109;"Scire";journal;"11353716";"Facultad de Filosofia y Letras - Universidad de Zaragoza";Yes;No;0,250;Q3;7;13;79;306;15;78;0,13;23,54;48,00;0;Spain;Western Europe;"Facultad de Filosofia y Letras - Universidad de Zaragoza";"2011-2024";"Communication (Q3); Library and Information Sciences (Q3)";"Social Sciences"
137;15416;"Computers in Libraries";trade journal;"10417915";"Information Today";No;No;0,249;Q3;20;60;164;47;50;164;0,22;0,78;42,22;0;United States;Northern America;"Information Today";"1996-2026";"Computer Science (miscellaneous) (Q2); Library and Information Sciences (Q3)";"Computer Science; Social Sciences"
138;11700154713;"Perspectivas em Ciencia da Informacao";journal;"19815344, 14139936";"Escola de Ciencia da Informacao da UFMG";Yes;Yes;0,246;Q3;14;46;175;1313;48;156;0,21;28,54;48,04;4;Brazil;Latin America;"Escola de Ciencia da Informacao da UFMG";"2008-2025";"Museology (Q1); Communication (Q3); Information Systems (Q3); Library and Information Sciences (Q3)";"Arts and Humanities; Computer Science; Social Sciences"
139;12492;"Journal of Information Science and Engineering";journal;"10162364";"Institute of Information Science";No;No;0,240;Q3;44;115;247;3034;176;247;0,66;26,38;31,61;0;Taiwan;Asiatic Region;"Institute of Information Science";"1993-1994, 1996-2026";"Hardware and Architecture (Q3); Human-Computer Interaction (Q3); Library and Information Sciences (Q3); Software (Q3); Computational Theory and Mathematics (Q4)";"Computer Science; Social Sciences"
140;19700181431;"Journal of Decision Systems";journal;"21167052, 12460125";"Taylor and Francis Ltd.";No;No;0,240;-;42;25;76;1144;67;69;1,00;45,76;23,21;1;United Kingdom;Western Europe;"Taylor and Francis Ltd.";"1992-2026";"Management Information Systems (Q3); Software (Q3)";"Business, Management and Accounting; Computer Science"
141;4700152748;"Journal of Electronic Resources in Medical Libraries";journal;"15424065, 15424073";"Routledge";No;No;0,231;Q3;17;23;73;322;28;73;0,30;14,00;73,91;1;United States;Northern America;"Routledge";"2003-2026";"Health (social science) (Q3); Library and Information Sciences (Q3)";"Social Sciences"
142;145600;"International Journal of Law and Information Technology";journal;"09670769, 14643693";"Oxford University Press";No;No;0,228;Q3;28;13;43;916;41;42;1,04;70,46;31,25;3;United Kingdom;Western Europe;"Oxford University Press";"1993-2026";"Law (Q2); Library and Information Sciences (Q3)";"Social Sciences"
143;21100329302;"Journal of Information Literacy";journal;"17505968";"CILIP Information Literacy Group";Yes;Yes;0,225;Q3;19;25;24;514;10;13;0,42;20,56;75,00;3;United Kingdom;Western Europe;"CILIP Information Literacy Group";"2010, 2014-2025";"Education (Q3); E-learning (Q3); Library and Information Sciences (Q3)";"Social Sciences"
144;14115;"Canadian Journal of Information and Library Science";journal;"19207239, 1195096X";"Canadian Association for Information Science";No;No;0,224;Q3;23;22;40;649;23;40;0,66;29,50;69,44;0;Canada;Northern America;"Canadian Association for Information Science";"1993-2022";"Information Systems (Q3); Library and Information Sciences (Q3)";"Computer Science; Social Sciences"
145;4700152796;"Journal of Interlibrary Loan, Document Delivery and Electronic Reserve";journal;"1072303X, 15403572";"Routledge";No;No;0,224;Q3;15;15;58;125;14;52;0,21;8,33;53,33;0;United States;Northern America;"Routledge";"1994, 1996-1997, 2000, 2002-2003, 2005-2021";"Library and Information Sciences (Q3)";"Social Sciences"
146;21100312401;"Revista Cubana de Informacion en Ciencias de la Salud";journal;"23072113";"Centro Nacional de Informacion de Ciencias Medicas";Yes;Yes;0,220;Q3;17;37;120;770;40;94;0,37;20,81;62,50;0;Cuba;Latin America;"Centro Nacional de Informacion de Ciencias Medicas";"2013-2026";"Health Policy (Q3); Library and Information Sciences (Q3); Health Information Management (Q4)";"Health Professions; Medicine; Social Sciences"
147;21100242609;"Insights: the UKSG Journal";journal;"20487754";"United Kingdom Serials Group";Yes;Yes;0,219;Q3;21;42;149;438;55;134;0,32;10,43;56,14;8;United Kingdom;Western Europe;"United Kingdom Serials Group";"2012-2026";"Library and Information Sciences (Q3)";"Social Sciences"
148;21100829242;"Library and Information Science";book series;"18760562";"Emerald Group Publishing Ltd.";No;No;0,216;Q3;12;0;62;0;22;56;0,35;0,00;0,00;0;United Kingdom;Western Europe;"Emerald Group Publishing Ltd.";"2011, 2013-2014";"Library and Information Sciences (Q3)";"Social Sciences"
149;21100241768;"Preservation, Digital Technology and Culture";journal;"21952965, 21952957";"De Gruyter Saur";No;No;0,214;Q3;15;24;25;402;12;18;0,48;16,75;58,82;0;Germany;Western Europe;"De Gruyter Saur";"2013-2026";"Conservation (Q1); Library and Information Sciences (Q3); Computer Science Applications (Q4)";"Arts and Humanities; Computer Science; Social Sciences"
150;4100151517;"Advances in Librarianship";book series;"00652830";"Emerald Group Publishing Ltd.";No;No;0,213;Q3;13;25;45;978;16;43;0,39;39,12;62,16;0;United Kingdom;Western Europe;"Emerald Group Publishing Ltd.";"2000-2002, 2004-2006, 2008, 2010-2021, 2024-2026";"Library and Information Sciences (Q3)";"Social Sciences"
151;21100497148;"International Conference on Information Systems, ICIS 2012";conference and proceedings;"-";"";No;No;0,204;-;13;0;56;0;47;55;0,00;0,00;0,00;0;United States;Northern America;"";"";"Software";"Computer Science"
152;31428;"Proceedings of the ASIST Annual Meeting";journal;"15508390";"John Wiley and Sons Inc";No;No;0,202;Q3;50;0;536;0;245;536;0,30;0,00;0,00;0;United States;Northern America;"John Wiley and Sons Inc";"1979-1987, 1992, 1996-2014";"Library and Information Sciences (Q3); Information Systems (Q4)";"Computer Science; Social Sciences"
153;14076;"Libres";journal;"10586768";"Nanyang Technological University";Yes;Yes;0,200;Q3;16;7;20;271;4;20;0,17;38,71;64,29;0;Singapore;Asiatic Region;"Nanyang Technological University";"1996-2025";"Library and Information Sciences (Q3)";"Social Sciences"
154;145290;"Bottom Line";journal;"0888045X";"Emerald Group Publishing Ltd.";No;No;0,197;Q3;33;22;93;232;37;93;0,23;10,55;54,55;0;United Kingdom;Western Europe;"Emerald Group Publishing Ltd.";"1988-2026";"Business, Management and Accounting (miscellaneous) (Q3); Library and Information Sciences (Q3)";"Business, Management and Accounting; Social Sciences"
155;21100222537;"Intelligent Systems Reference Library";book series;"18684394, 18684408";"Springer Science + Business Media";No;No;0,194;Q3;49;273;678;10921;302;624;0,45;40,00;26,71;10;United States;Northern America;"Springer Science + Business Media";"2009-2026";"Computer Science (miscellaneous) (Q3); Information Systems and Management (Q3); Library and Information Sciences (Q3)";"Computer Science; Decision Sciences; Social Sciences"
156;17600155225;"Documentaliste: Sciences de l'Information";journal;"00124508";"Association des Professionnels de l'Information et de la Documentation (ADBS)";No;No;0,187;Q3;6;115;264;540;14;215;0,05;4,70;46,74;2;France;Western Europe;"Association des Professionnels de l'Information et de la Documentation (ADBS)";"2001-2016";"Communication (Q3); Library and Information Sciences (Q3)";"Social Sciences"
157;21100496857;"International Conference on Information Systems (ICIS 2013): Reshaping Society Through Information Systems Design";conference and proceedings;"-";"";No;No;0,187;-;16;0;126;0;101;124;0,80;0,00;0,00;0;United States;Northern America;"";"";"Safety, Risk, Reliability and Quality";"Engineering"
158;21100346235;"AIB Studi";journal;"22396152, 22809112";"Associazione Italiana Biblioteche";Yes;Yes;0,183;Q3;7;28;22;889;6;19;0,27;31,75;69,23;1;Italy;Western Europe;"Associazione Italiana Biblioteche";"2014-2025";"Library and Information Sciences (Q3)";"Social Sciences"
159;14046;"Library Philosophy and Practice (discontinued)";journal;"15220222";"University of Nebraska-Lincoln";Yes;No;0,183;Q3;32;130;530;3760;158;530;0,26;28,92;43,06;0;United States;Northern America;"University of Nebraska-Lincoln";"1998-2021";"Philosophy (Q2); Library and Information Sciences (Q3)";"Arts and Humanities; Social Sciences"
160;19400156821;"Papers of the Bibliographical Society of America";journal;"23776528, 0006128X";"Bibliographical Society of America";No;No;0,181;Q3;9;6;43;356;4;41;0,13;59,33;33,33;0;United States;Northern America;"Bibliographical Society of America";"1941, 1947, 1969-1972, 1975, 1979, 1989, 1993, 1995-1996, 2004-2005, 2008-2025";"Literature and Literary Theory (Q1); Library and Information Sciences (Q3)";"Arts and Humanities; Social Sciences"
161;5800207822;"Terminology";journal;"15699994, 09299971";"John Benjamins Publishing Company";No;No;0,180;Q3;31;11;34;539;27;34;0,95;49,00;64,00;0;Netherlands;Western Europe;"John Benjamins Publishing Company";"1994-1998, 2000-2026";"Linguistics and Language (Q2); Communication (Q3); Library and Information Sciences (Q3)";"Social Sciences"
162;21100292877;"International Conference on Information Systems (ICIS 2013): Reshaping Society Through Information Systems Design";conference and proceedings;"-";"";No;No;0,177;-;17;0;199;0;140;196;0,70;0,00;0,00;0;United States;Northern America;"";"";"Applied Mathematics; Computer Science Applications; Library and Information Sciences; Statistics, Probability and Uncertainty";"Computer Science; Decision Sciences; Mathematics; Social Sciences"
163;144748;"Journal of Information and Computational Science";journal;"15487741";"Binary Information Press";No;No;0,173;Q3;28;696;1922;10274;593;1922;0,28;14,76;38,13;0;United States;Northern America;"Binary Information Press";"2004-2015";"Library and Information Sciences (Q3); Computational Theory and Mathematics (Q4); Computer Graphics and Computer-Aided Design (Q4); Information Systems (Q4)";"Computer Science; Social Sciences"
164;19900195027;"International Journal of the Book";journal;"14479567, 14479516";"Common Ground Research Networks";No;No;0,172;Q3;0;0;0;0;0;0;0,00;0,00;0,00;0;United States;Northern America;"Common Ground Research Networks";"2011-2019";"Literature and Literary Theory (Q1); History (Q2); Communication (Q3); Library and Information Sciences (Q3)";"Arts and Humanities; Social Sciences"
165;21100496279;"19th Americas Conference on Information Systems, AMCIS 2013 - Hyperconnected World: Anything, Anywhere, Anytime";conference and proceedings;"-";"";No;No;0,171;-;10;0;89;0;49;88;0,55;0,00;0,00;0;United States;Northern America;"";"";"Atomic and Molecular Physics, and Optics; Computer Networks and Communications; Electrical and Electronic Engineering; Electronic, Optical and Magnetic Materials";"Computer Science; Engineering; Materials Science; Physics and Astronomy"
166;12810;"Journal of Information Ethics";journal;"10619321";"McFarland and Company, Inc";No;No;0,169;Q3;13;23;54;509;13;44;0,34;22,13;16,67;0;United States;Northern America;"McFarland and Company, Inc";"1992, 1994, 1996-2019, 2021-2025";"Philosophy (Q2); Library and Information Sciences (Q3)";"Arts and Humanities; Social Sciences"
167;19400157009;"Investigacion Bibliotecologica";journal;"0187358X, 24488321";"Universidad Nacional Autonoma de Mexico";Yes;Yes;0,167;Q3;16;36;85;1290;15;77;0,17;35,83;53,57;2;Mexico;Latin America;"Universidad Nacional Autonoma de Mexico";"2001, 2008-2025";"Library and Information Sciences (Q3)";"Social Sciences"
168;19900191876;"Transinformacao";journal;"01033786";"Pontificia Universidade Catolica de Campinas";Yes;Yes;0,166;Q3;15;27;72;653;20;70;0,26;24,19;52,46;1;Brazil;Latin America;"Pontificia Universidade Catolica de Campinas";"2010-2025";"Museology (Q2); Communication (Q3); Library and Information Sciences (Q3); Information Systems (Q4)";"Arts and Humanities; Computer Science; Social Sciences"
169;4700152781;"Community and Junior College Libraries";journal;"02763915, 15452522";"Routledge";No;No;0,162;Q3;12;14;33;351;8;31;0,22;25,07;43,75;0;United States;Northern America;"Routledge";"1982-1989, 1991, 1995, 1999-2017";"Library and Information Sciences (Q3); Education (Q4); E-learning (Q4)";"Social Sciences"
170;14013;"Library Journal";journal;"03630277";"Reed Business Information (Cahners)";No;No;0,162;Q3;24;102;649;0;45;218;0,07;0,00;58,33;0;United States;Northern America;"Reed Business Information (Cahners)";"1945-1947, 1972, 1978-1994, 1997-2016";"Library and Information Sciences (Q3)";"Social Sciences"
171;21100496280;"19th Americas Conference on Information Systems, AMCIS 2013 - Hyperconnected World: Anything, Anywhere, Anytime";conference and proceedings;"-";"";No;No;0,160;-;12;0;176;0;84;174;0,48;0,00;0,00;0;United States;Northern America;"";"";"Artificial Intelligence; Information Systems";"Computer Science"
172;4700152745;"Library and Archival Security";journal;"01960075, 15409511";"Routledge";No;No;0,158;Q3;0;0;0;0;0;0;0,00;0,00;0,00;0;United States;Northern America;"Routledge";"1978-1991, 1993-2001, 2003-2013";"Law (Q3); Library and Information Sciences (Q3); Safety Research (Q4)";"Social Sciences"
173;145258;"Informing Science";journal;"15214672, 15479684";"Informing Science Institute";Yes;No;0,155;Q3;30;11;12;464;8;12;0,67;42,18;27,78;1;United States;Northern America;"Informing Science Institute";"1997-2026";"Library and Information Sciences (Q3)";"Social Sciences"
174;15681;"Journal of Digital Information";journal;"13687506";"British Computer Society";No;No;0,154;Q3;28;0;15;0;6;15;0,00;0,00;0,00;0;United Kingdom;Western Europe;"British Computer Society";"1996-2012";"Library and Information Sciences (Q3); Computer Science Applications (Q4); E-learning (Q4); Information Systems (Q4)";"Computer Science; Social Sciences"
175;21100259129;"Archives and Manuscripts";journal;"01576895, 21646058";"Australian Society of Archivists";No;No;0,153;Q3;17;14;57;645;11;49;0,19;46,07;75,00;3;Australia;Pacific Region;"Australian Society of Archivists";"2013-2024";"Communication (Q3); Library and Information Sciences (Q3)";"Social Sciences"
176;14773;"Information-Wissenschaft und Praxis";journal;"14344653, 16194292";"De Gruyter Saur";No;No;0,150;Q3;10;48;142;641;10;124;0,10;13,35;42,11;1;Germany;Western Europe;"De Gruyter Saur";"1997-2026";"Library and Information Sciences (Q3); Information Systems (Q4)";"Computer Science; Social Sciences"
177;21100226830;"BiD";journal;"15755886";"Universitat de Barcelona";Yes;Yes;0,148;Q4;9;26;79;605;23;78;0,23;23,27;58,00;0;Spain;Western Europe;"Universitat de Barcelona";"2012-2025";"Library and Information Sciences (Q4)";"Social Sciences"
178;17800156797;"VOEB-Mitteilungen";journal;"10222588, 27914011";"Vereinigung Osterreichischer Bibliothekarinnen und Bibliothekare";Yes;Yes;0,147;Q4;6;49;150;293;19;106;0,13;5,98;39,06;1;Austria;Western Europe;"Vereinigung Osterreichischer Bibliothekarinnen und Bibliothekare";"2009-2025";"Library and Information Sciences (Q4)";"Social Sciences"
179;14760;"Zeitschrift fur Bibliothekswesen und Bibliographie";journal;"18642950, 00442380";"Vittorio Klostermann";No;No;0,146;Q4;6;33;132;639;12;116;0,12;19,36;35,19;0;Germany;Western Europe;"Vittorio Klostermann";"1969, 1988-2025";"Library and Information Sciences (Q4)";"Social Sciences"
180;21100264483;"Cuadernos.info";journal;"0719367X, 07193661";"Pontificia Universidad Catolica de Chile";Yes;Yes;0,144;Q4;20;29;56;1271;10;54;0,18;43,83;47,27;2;Chile;Latin America;"Pontificia Universidad Catolica de Chile";"2013-2025";"Communication (Q3); Library and Information Sciences (Q4)";"Social Sciences"
181;12100156499;"Notes";journal;"1534150X, 00274380";"Music Library Association";Yes;No;0,144;Q4;14;12;35;415;6;34;0,22;34,58;54,55;0;United States;Northern America;"Music Library Association";"1978, 2002-2026";"Music (Q2); Library and Information Sciences (Q4)";"Arts and Humanities; Social Sciences"
182;21100791249;"Pakistan Journal of Information Management and Libraries";journal;"24097462";"University of the Punjab";Yes;No;0,144;Q4;13;6;20;157;6;18;0,31;26,17;85,71;0;Pakistan;Asiatic Region;"University of the Punjab";"2014-2024";"Computer Science Applications (Q4); Library and Information Sciences (Q4)";"Computer Science; Social Sciences"
183;144630;"Progress in Informatics";journal;"13498614, 13498606";"National Institute of Informatics";No;No;0,143;Q4;13;0;25;0;3;21;0,11;0,00;0,00;0;Japan;Asiatic Region;"National Institute of Informatics";"2005-2014";"Computer Science (miscellaneous) (Q4); Library and Information Sciences (Q4)";"Computer Science; Social Sciences"
184;19700180555;"Vjesnik Bibliotekara Hrvatske";journal;"05071925, 13346938";"Hrvatsko Knjiznicarsko Drustvo";Yes;Yes;0,142;Q4;8;46;139;509;9;130;0,07;11,07;85,29;0;Croatia;Eastern Europe;"Hrvatsko Knjiznicarsko Drustvo";"2009-2025";"Library and Information Sciences (Q4)";"Social Sciences"
185;19470;"Information Resources Management Journal";journal;"15337979, 10401628";"IGI Publishing";No;No;0,137;Q4;49;16;55;738;40;55;0,50;46,13;36,11;1;United States;Northern America;"IGI Publishing";"1988-2026";"Business and International Management (Q4); Library and Information Sciences (Q4); Strategy and Management (Q4)";"Business, Management and Accounting; Social Sciences"
186;21100200830;"International Journal of Information Science and Management";journal;"20088310, 20088302";"Regional Information Center for Science and Technology";Yes;Yes;0,137;Q4;16;20;86;617;28;85;0,27;30,85;45,24;0;Iran;Middle East;"Regional Information Center for Science and Technology";"2008-2025";"Information Systems and Management (Q4); Library and Information Sciences (Q4); Management Information Systems (Q4); Statistics, Probability and Uncertainty (Q4)";"Business, Management and Accounting; Decision Sciences; Social Sciences"
187;21100285410;"19th Americas Conference on Information Systems, AMCIS 2013 - Hyperconnected World: Anything, Anywhere, Anytime";conference and proceedings;"-";"";No;No;0,134;-;11;0;178;0;59;176;0,33;0,00;0,00;0;United States;Northern America;"";"";"Computer Networks and Communications; Computer Science Applications; Information Systems; Library and Information Sciences";"Computer Science; Social Sciences"
188;19700182410;"African Journal of Library Archives and Information Science";journal;"07954778";"Archlib and Information Services Ltd";No;No;0,132;Q4;16;9;31;246;10;28;0,11;27,33;38,46;0;Nigeria;Africa;"Archlib and Information Services Ltd";"2008-2012, 2014-2025";"Library and Information Sciences (Q4)";"Social Sciences"
189;17500155021;"Grey Journal";journal;"1574180X, 15741796";"GreyNet";No;No;0,132;Q4;8;23;55;348;9;48;0,17;15,13;55,32;0;Netherlands;Western Europe;"GreyNet";"2009-2020, 2022-2024";"Library and Information Sciences (Q4)";"Social Sciences"
190;21100837856;"School Library Research";journal;"21651019";"American Library Association";No;No;0,131;Q4;19;11;29;622;34;29;1,47;56,55;70,00;0;United States;Northern America;"American Library Association";"2014-2025";"Media Technology (Q2); Library and Information Sciences (Q4)";"Engineering; Social Sciences"
191;21100375879;"GL-Conference Series: Conference Proceedings";conference and proceedings;"13862316";"TextRelease";No;No;0,131;-;5;19;77;300;3;70;0,05;15,79;47,92;0;Netherlands;Western Europe;"TextRelease";"2007-2009, 2011-2020, 2022-2024";"Computer Science Applications; Information Systems; Library and Information Sciences";"Computer Science; Social Sciences"
192;15689;"Bulletin of the John Rylands Library";journal;"20549326, 20549318";"Manchester University Press";No;No;0,129;Q4;8;15;60;430;4;58;0,04;28,67;47,06;0;United Kingdom;Western Europe;"Manchester University Press";"1946-1948, 1971-1972, 1990, 1999, 2002-2006, 2012, 2014-2025";"Arts and Humanities (miscellaneous) (Q3); Library and Information Sciences (Q4)";"Arts and Humanities; Social Sciences"
193;21100224425;"Informacion, Cultura y Sociedad";journal;"15148327, 18511740";"University of Buenos Aires";Yes;Yes;0,129;Q4;10;24;42;604;3;36;0,04;25,17;67,50;0;Argentina;Latin America;"University of Buenos Aires";"2012-2025";"Library and Information Sciences (Q4)";"Social Sciences"
194;4800152306;"Journal of Digital Information Management (discontinued)";journal;"09727272";"Digital Information Research Foundation";No;No;0,129;Q4;18;64;187;1091;41;172;0,24;17,05;30,56;0;India;Asiatic Region;"Digital Information Research Foundation";"2004, 2006-2017";"Information Systems (Q4); Library and Information Sciences (Q4); Management Information Systems (Q4)";"Business, Management and Accounting; Computer Science; Social Sciences"
195;13970;"Library and Information Science";journal;"03734447";"Mita Society for Library and Information Science";No;No;0,129;Q4;6;3;19;48;2;19;0,07;16,00;100,00;0;Japan;Asiatic Region;"Mita Society for Library and Information Science";"1980-2025";"Library and Information Sciences (Q4)";"Social Sciences"
196;21100496305;"18th Americas Conference on Information Systems 2012, AMCIS 2012";conference and proceedings;"-";"";No;No;0,129;-;12;0;172;0;101;170;0,00;0,00;0,00;0;United States;Northern America;"";"";"Acoustics and Ultrasonics";"Physics and Astronomy"
197;21100496287;"18th Americas Conference on Information Systems 2012, AMCIS 2012";conference and proceedings;"-";"";No;No;0,128;-;13;0;179;0;67;177;0,00;0,00;0,00;0;United States;Northern America;"";"";"Computer Networks and Communications; Computer Science Applications; Information Systems; Library and Information Sciences";"Computer Science; Social Sciences"
198;145292;"Development and Learning in Organizations";journal;"14777282";"Emerald Group Publishing Ltd.";No;No;0,127;Q4;26;53;229;177;31;218;0,13;3,34;33,33;0;United Kingdom;Western Europe;"Emerald Group Publishing Ltd.";"2003-2026";"Library and Information Sciences (Q4); Organizational Behavior and Human Resource Management (Q4)";"Business, Management and Accounting; Social Sciences"
199;19700202714;"Journal of Information and Organizational Sciences";journal;"18463312, 18469418";"University of Zagreb, Faculty of Organization and Informatics";Yes;Yes;0,127;Q4;17;16;40;666;8;34;0,12;41,63;45,16;0;Croatia;Eastern Europe;"University of Zagreb, Faculty of Organization and Informatics";"2006-2025";"Computer Science Applications (Q4); Information Systems (Q4); Library and Information Sciences (Q4)";"Computer Science; Social Sciences"
200;21100241782;"Ibersid";journal;"2174081X, 18880967";"Universidad de Zaragoza, Facultad de Filosofia y Letras";No;No;0,125;Q4;7;10;58;147;6;58;0,15;14,70;65,00;0;Spain;Western Europe;"Universidad de Zaragoza, Facultad de Filosofia y Letras";"2012-2025";"Communication (Q4); Computer Networks and Communications (Q4); Information Systems (Q4); Library and Information Sciences (Q4)";"Computer Science; Social Sciences"
201;21100245913;"Bilgi Dunyasi";journal;"13023217, 2148354X";"University and Research Librarians Association (UNAK)";Yes;Yes;0,123;Q4;7;13;43;444;3;43;0,07;34,15;32,00;0;Turkey;Middle East;"University and Research Librarians Association (UNAK)";"2013-2025";"Library and Information Sciences (Q4)";"Social Sciences"
202;21100329548;"20th Americas Conference on Information Systems, AMCIS 2014";conference and proceedings;"-";"";No;No;0,123;-;19;0;434;0;188;433;0,43;0,00;0,00;0;United States;Northern America;"";"";"Computer Networks and Communications; Computer Science Applications; Information Systems; Library and Information Sciences";"Computer Science; Social Sciences"
203;5000154508;"Ciencia da Informacao";journal;"15188353, 01001965";"Brazilian Institute for Information in Science and Technology";Yes;Yes;0,120;Q4;18;39;58;735;5;54;0,06;18,85;55,56;0;Brazil;Latin America;"Brazilian Institute for Information in Science and Technology";"2006-2025";"Library and Information Sciences (Q4)";"Social Sciences"
204;6500153237;"Fontes Artis Musicae";journal;"00156191";"Music Library Association";No;No;0,119;Q4;7;33;106;374;3;57;0,02;11,33;58,82;0;United States;Northern America;"Music Library Association";"2002-2025";"Music (Q3); Library and Information Sciences (Q4)";"Arts and Humanities; Social Sciences"
205;23739;"Quaerendo";journal;"00149527, 15700690";"Brill Academic Publishers";No;No;0,118;Q4;10;12;44;580;2;41;0,05;48,33;16,67;0;Netherlands;Western Europe;"Brill Academic Publishers";"1971-1979, 1981-1985, 1987-2025";"History (Q3); Library and Information Sciences (Q4)";"Arts and Humanities; Social Sciences"
206;21100241206;"18th Americas Conference on Information Systems 2012, AMCIS 2012";conference and proceedings;"-";"";No;No;0,118;-;10;0;223;0;44;221;0,00;0,00;0,00;0;United States;Northern America;"";"";"Computer Networks and Communications; Computer Science Applications; Information Systems; Library and Information Sciences";"Computer Science; Social Sciences"
207;21100220377;"Advances in Classification Research Online";conference and proceedings;"23249773";"";No;No;0,118;-;9;3;50;50;14;47;0,44;16,67;33,33;0;United States;Northern America;"";"";"Applied Mathematics; Computer Science Applications; Library and Information Sciences; Statistics, Probability and Uncertainty";"Computer Science; Decision Sciences; Mathematics; Social Sciences"
208;17600155217;"Document Numerique";journal;"19631014, 12795127";"Lavoisier";No;No;0,116;Q4;8;14;57;395;9;49;0,15;28,21;36,36;0;France;Western Europe;"Lavoisier";"2001-2004, 2006-2016, 2018-2019";"Library and Information Sciences (Q4)";"Social Sciences"
209;300147004;"Journal of Educational Media and Library Sciences";journal;"1013090X";"Tamkang University";Yes;Yes;0,116;Q4;10;18;71;763;6;62;0,10;42,39;48,00;0;Taiwan;Asiatic Region;"Tamkang University";"2005-2025";"Archeology (arts and humanities) (Q3); Conservation (Q3); Information Systems (Q4); Library and Information Sciences (Q4)";"Arts and Humanities; Computer Science; Social Sciences"
210;4000152101;"Advances in Library Administration and Organization";book series;"07320671";"Emerald Group Publishing Ltd.";No;No;0,115;Q4;10;27;18;886;1;16;0,00;32,81;56,00;0;United Kingdom;Western Europe;"Emerald Group Publishing Ltd.";"2000-2002, 2004-2012, 2014-2022, 2025-2026";"Library and Information Sciences (Q4); Public Administration (Q4)";"Social Sciences"
211;21100286393;"7th European Conference on Information Management and Evaluation, ECIME 2013";conference and proceedings;"-";"";No;No;0,114;-;5;0;31;0;8;30;0,26;0,00;0,00;0;United Kingdom;Western Europe;"";"";"Computer Networks and Communications; E-learning; Information Systems; Library and Information Sciences";"Computer Science; Social Sciences"
212;23018;"Logos (The Netherlands)";journal;"18784712, 09579656";"Brill Academic Publishers";No;No;0,113;Q4;9;31;65;286;6;52;0,05;9,23;50,00;1;Netherlands;Western Europe;"Brill Academic Publishers";"1994, 1996-2025";"Literature and Literary Theory (Q2); Media Technology (Q3); Communication (Q4); Computer Science Applications (Q4); Education (Q4); Library and Information Sciences (Q4)";"Arts and Humanities; Computer Science; Engineering; Social Sciences"
213;23808;"Scriptorium";journal;"00369772";"Centre d'Etude des Manuscrits";No;No;0,111;Q4;11;13;43;853;3;43;0,07;65,62;26,32;0;Belgium;Western Europe;"Centre d'Etude des Manuscrits";"1972, 1975, 1977-1979, 1982, 1984-1985, 1987, 1997, 2002-2023";"Visual Arts and Performing Arts (Q2); Library and Information Sciences (Q4)";"Arts and Humanities; Social Sciences"
214;4700152752;"Slavic and East European Information Resources";journal;"15229041, 15228886";"Routledge";No;No;0,111;Q4;6;24;65;377;3;54;0,05;15,71;41,67;0;United States;Northern America;"Routledge";"2001-2026";"Linguistics and Language (Q3); Library and Information Sciences (Q4)";"Social Sciences"
215;21100455441;"Proceedings of the European, Mediterranean and Middle Eastern Conference on Information Systems, EMCIS 2012";conference and proceedings;"-";"";No;No;0,111;-;7;0;74;0;17;73;0,00;0,00;0,00;0;United Kingdom;Western Europe;"";"";"Geochemistry and Petrology";"Earth and Planetary Sciences"
216;5800208091;"Information Design Journal";journal;"01425471, 1569979X";"John Benjamins Publishing Company";No;No;0,110;Q4;24;0;47;0;2;39;0,04;0,00;0,00;0;Netherlands;Western Europe;"John Benjamins Publishing Company";"1979-1984, 1986-1987, 1989-1991, 1993-1996, 1998, 2000-2011, 2013-2014, 2016-2019, 2021-2026";"Library and Information Sciences (Q4)";"Social Sciences"
217;16096;"Notes and Queries";journal;"00293970, 14716941";"Oxford University Press";No;No;0,110;Q4;11;182;564;2163;36;115;0,06;11,88;27,54;1;United Kingdom;Western Europe;"Oxford University Press";"1849-2025";"Literature and Literary Theory (Q2); Linguistics and Language (Q3); Library and Information Sciences (Q4)";"Arts and Humanities; Social Sciences"
218;21100448566;"Journal of Information Technology Teaching Cases";journal;"20438869";"Springer International Publishing AG";No;No;0,106;Q4;15;13;4;69;0;4;0,00;5,31;36,11;1;Switzerland;Western Europe;"Springer International Publishing AG";"2014-2026";"Education (Q4); Library and Information Sciences (Q4)";"Social Sciences"
219;21100268077;"Analecta Hibernica";book series;"07916167";"The Irish Manuscripts Commission Ltd.";No;No;0,102;Q4;3;4;10;424;2;10;0,00;106,00;20,00;0;Ireland;Western Europe;"The Irish Manuscripts Commission Ltd.";"2011-2013, 2015, 2017-2020, 2022";"History (Q3); Library and Information Sciences (Q4)";"Arts and Humanities; Social Sciences"
220;21100255395;"Anales de Documentacion (discontinued)";journal;"15752437, 16977904";"";Yes;Yes;0,102;Q4;9;9;27;250;3;27;0,11;27,78;42,11;2;Spain;Western Europe;"";"2013-2020";"Library and Information Sciences (Q4)";"Social Sciences"
221;5800224021;"Bulletin des Bibliotheques de France";journal;"00062006, 12928399";"Ecole Nationale Superieure des Sciences de l'Information et des Bibliotheques";Yes;No;0,102;Q4;3;35;354;110;4;266;0,01;3,14;44,00;0;France;Western Europe;"Ecole Nationale Superieure des Sciences de l'Information et des Bibliotheques";"2012-2025";"Library and Information Sciences (Q4)";"Social Sciences"
222;4700152768;"EContent";trade journal;"15252531";"Online Inc.";No;No;0,102;Q4;10;81;182;0;6;182;0,04;0,00;41,67;0;United States;Northern America;"Online Inc.";"1999-2019";"Information Systems (Q4); Library and Information Sciences (Q4)";"Computer Science; Social Sciences"
223;6000167588;"Archives";journal;"00039535";"British Records Association";No;No;0,101;Q4;4;9;20;239;1;20;0,00;26,56;30,00;0;United Kingdom;Western Europe;"British Records Association";"2011-2025";"History (Q4); Library and Information Sciences (Q4)";"Arts and Humanities; Social Sciences"
224;21100373617;"Biblios";journal;"15624730";"University Library System, University of Pittsburgh";Yes;Yes;0,101;Q4;7;25;27;721;1;27;0,04;28,84;58,49;0;United States;Northern America;"University Library System, University of Pittsburgh";"2013-2025";"Library and Information Sciences (Q4)";"Social Sciences"
225;21100427626;"East Asian Publishing and Society";journal;"22106278, 22106286";"Brill Academic Publishers";No;No;0,101;Q4;5;5;18;296;4;16;0,23;59,20;25,00;0;Netherlands;Western Europe;"Brill Academic Publishers";"2011-2025";"Media Technology (Q3); Communication (Q4); Library and Information Sciences (Q4)";"Engineering; Social Sciences"
226;30001;"Harvard Library Bulletin";journal;"00178136";"Harvard University";No;No;0,101;Q4;8;0;33;0;0;21;0,00;0,00;0,00;0;United States;Northern America;"Harvard University";"1968, 1970, 1974-1976, 1979-1982, 1984, 1987-1988, 1992-1993, 1996-2012";"Arts and Humanities (miscellaneous) (Q4); Library and Information Sciences (Q4)";"Arts and Humanities; Social Sciences"
227;13964;"Library";journal;"17448581, 00242160";"Oxford University Press";No;No;0,101;Q4;19;14;33;513;10;31;0,20;36,64;18,75;0;United Kingdom;Western Europe;"Oxford University Press";"1889-1899, 1901-2025";"Arts and Humanities (miscellaneous) (Q4); Library and Information Sciences (Q4)";"Arts and Humanities; Social Sciences"
228;21100407264;"Library of the Written Word";book series;"18744842, 18744834";"Brill Academic Publishers";No;No;0,101;Q4;13;60;125;3430;21;41;0,12;57,17;0,00;0;Netherlands;Western Europe;"Brill Academic Publishers";"2007-2026";"Visual Arts and Performing Arts (Q3); Communication (Q4); History (Q4); Library and Information Sciences (Q4)";"Arts and Humanities; Social Sciences"
229;21100255068;"Masaryk University Journal of Law and Technology";journal;"18025951, 18025943";"Faculty of Law, Masaryk University";Yes;No;0,101;Q4;10;17;38;371;3;38;0,08;21,82;45,00;0;Czech Republic;Eastern Europe;"Faculty of Law, Masaryk University";"2013-2025";"Computer Science Applications (Q4); Law (Q4); Library and Information Sciences (Q4)";"Computer Science; Social Sciences"
230;21100228045;"Microform and Digitization Review";journal;"21900752";"Walter de Gruyter GmbH";No;No;0,101;Q4;4;0;43;0;2;40;0,00;0,00;0,00;0;Germany;Western Europe;"Walter de Gruyter GmbH";"2011-2013";"Library and Information Sciences (Q4)";"Social Sciences"
231;23759;"Revue Francaise d'Histoire du Livre";book series;"00379212";"Librairie Droz SA";No;No;0,101;Q4;1;0;25;0;0;25;0,00;0,00;0,00;0;France;Western Europe;"Librairie Droz SA";"1979, 2014, 2016";"History (Q4); Library and Information Sciences (Q4)";"Arts and Humanities; Social Sciences"
232;19600166417;"Script and Print";journal;"18349013";"Australian and New Zealand Student Services Association";No;No;0,101;Q4;5;11;37;952;3;36;0,08;86,55;33,33;0;Australia;Pacific Region;"Australian and New Zealand Student Services Association";"2008-2022";"Literature and Literary Theory (Q3); Library and Information Sciences (Q4); Visual Arts and Performing Arts (Q4)";"Arts and Humanities; Social Sciences"
233;14096;"Transactions of the Cambridge Bibliographical Society";journal;"00686611";"Cambridge Bibliographical Society";No;No;0,101;Q4;6;7;21;362;0;19;0,00;51,71;37,50;0;United Kingdom;Western Europe;"Cambridge Bibliographical Society";"1971, 1979-1980, 1982, 1988, 2002-2011, 2013-2017, 2019-2021";"Literature and Literary Theory (Q3); Library and Information Sciences (Q4)";"Arts and Humanities; Social Sciences"
234;20500195100;"Tuna";journal;"14064030";"National Archives of Estonia";No;No;0,101;Q4;5;0;87;0;4;81;0,08;0,00;0,00;0;Estonia;Eastern Europe;"National Archives of Estonia";"2011-2014, 2017-2025";"History (Q4); Library and Information Sciences (Q4)";"Arts and Humanities; Social Sciences"
235;20762;"Book Collector";journal;"00067237";"Collector Ltd.";No;No;0,100;Q4;6;0;68;0;2;54;0,05;0,00;0,00;0;United Kingdom;Western Europe;"Collector Ltd.";"1972-1973, 1977-1979, 1994, 2002-2014";"Library and Information Sciences (Q4); Visual Arts and Performing Arts (Q4)";"Arts and Humanities; Social Sciences"
236;21100237620;"Gazette des Archives";journal;"00165522";"Association des archivistes francais (AAF)";No;No;0,100;Q4;4;100;173;253;1;162;0,01;2,53;53,92;2;France;Western Europe;"Association des archivistes francais (AAF)";"1976, 2012-2025";"History (Q4); Library and Information Sciences (Q4)";"Arts and Humanities; Social Sciences"
237;5100155102;"Prologue";journal;"00331031";"National Archives and Records Administration";No;No;0,100;Q4;4;10;92;0;1;71;0,00;0,00;33,33;0;United States;Northern America;"National Archives and Records Administration";"1977, 1980, 1982, 1987, 2000, 2006-2017";"History (Q4); Library and Information Sciences (Q4)";"Arts and Humanities; Social Sciences"
238;5900152801;"Art Documentation";journal;"21619417, 07307187";"University of Chicago Press";No;No;;-;9;25;0;31;0;0;0,00;1,24;81,82;0;United States;Northern America;"University of Chicago Press";"2015-2025";"Archeology (arts and humanities); Library and Information Sciences; Visual Arts and Performing Arts";"Arts and Humanities; Social Sciences"
239;21100933954;"Big Data and Society";journal;"20539517";"SAGE Publications Ltd";Yes;No;;-;89;46;24;1770;166;17;6,92;38,48;31,25;20;United Kingdom;Western Europe;"SAGE Publications Ltd";"2014-2026";"Communication; Computer Science Applications; Information Systems; Information Systems and Management; Library and Information Sciences";"Computer Science; Decision Sciences; Social Sciences"
240;21100887535;"Collection and Curation";journal;"25149326";"Emerald Group Publishing Ltd.";Yes;No;;-;22;18;76;372;53;73;0,52;20,67;60,00;0;United Kingdom;Western Europe;"Emerald Group Publishing Ltd.";"2018-2026";"Library and Information Sciences; Museology";"Arts and Humanities; Social Sciences"
241;21100857955;"Data Technologies and Applications";journal;"25149288, 25149318";"Emerald Publishing";Yes;No;;-;40;25;68;968;119;68;1,93;38,72;31,75;0;United Kingdom;Western Europe;"Emerald Publishing";"2018-2026";"Information Systems; Library and Information Sciences";"Computer Science; Social Sciences"
242;21101228213;"Discover Computing";journal;"29482992";"Springer Science and Business Media B.V.";Yes;No;;-;67;21;75;1044;208;73;2,69;49,71;27,94;0;Netherlands;Western Europe;"Springer Science and Business Media B.V.";"2024-2026";"Information Systems; Library and Information Sciences";"Computer Science; Social Sciences"
243;21100895684;"Global Knowledge, Memory and Communication";journal;"25149350, 25149342";"Emerald Group Publishing Ltd.";No;No;;-;46;34;142;1372;96;135;0,48;40,35;42,31;0;United Kingdom;Western Europe;"Emerald Group Publishing Ltd.";"2018-2026";"Library and Information Sciences";"Social Sciences"
244;21101048046;"Information and Culture";journal;"21663033, 21648034";"University of Texas Press";No;No;;-;17;21;59;1145;29;56;0,30;54,52;50,00;0;United States;Northern America;"University of Texas Press";"2012-2025";"Conservation; History; Library and Information Sciences";"Arts and Humanities; Social Sciences"
245;21101101868;"Information, Medium, and Society";journal;"26911507, 26911515";"Common Ground Research Networks";No;No;;-;5;14;96;380;9;96;0,09;27,14;45,00;0;United States;Northern America;"Common Ground Research Networks";"2020, 2022-2025";"Communication; History; Library and Information Sciences; Literature and Literary Theory";"Arts and Humanities; Social Sciences"
246;21100426626;"Islamic Manuscripts and Books";book series;"18779964";"Brill Academic Publishers";No;No;;-;6;13;33;533;0;14;0,00;41,00;50,00;0;Netherlands;Western Europe;"Brill Academic Publishers";"2010-2012, 2014-2019, 2022, 2025";"Cultural Studies; Library and Information Sciences; Visual Arts and Performing Arts";"Arts and Humanities; Social Sciences"
247;21100877203;"Journal of Law, Information and Science";journal;"22003517";"University of Tasmania, Faculty of Law";No;No;;-;7;8;15;151;4;13;0,27;18,88;40,00;0;Australia;Pacific Region;"University of Tasmania, Faculty of Law";"2014-2017";"Law; Library and Information Sciences";"Social Sciences"
248;21100836108;"Knowledge Cultures";journal;"23756527, 23275731";"Addleton Academic Publishers";No;No;;-;19;61;110;1756;24;99;0,22;28,79;40,98;0;United States;Northern America;"Addleton Academic Publishers";"2013-2025";"Cultural Studies; Education; History; Law; Library and Information Sciences; Literature and Literary Theory; Philosophy; Sociology and Political Science";"Arts and Humanities; Social Sciences"
249;21100778750;"Proceedings of the Association for Information Science and Technology";journal;"23739231";"John Wiley &amp; Sons Inc.";No;No;;-;29;147;0;2715;0;0;0,00;18,47;59,79;7;United States;Northern America;"John Wiley &amp; Sons Inc.";"2015-2025";"Computer Science (miscellaneous); Library and Information Sciences";"Computer Science; Social Sciences"
250;21100836334;"Publications";journal;"23046775";"Multidisciplinary Digital Publishing Institute (MDPI)";Yes;No;;-;32;20;20;576;11;19;0,55;28,80;53,33;5;Switzerland;Western Europe;"Multidisciplinary Digital Publishing Institute (MDPI)";"2013-2025";"Business and International Management; Communication; Computer Science Applications; Library and Information Sciences; Media Technology";"Business, Management and Accounting; Computer Science; Engineering; Social Sciences"
251;21100888590;"Revista Interamericana de Bibliotecologia";journal;"25389866, 01200976";"Escuela Interamericana de Bibliotecologia";Yes;Yes;;-;12;19;62;480;10;56;0,08;25,26;59,26;2;Colombia;Latin America;"Escuela Interamericana de Bibliotecologia";"2000-2026";"Library and Information Sciences";"Social Sciences"
252;21101094855;"Studies in Information";book series;"20555377";"Emerald Group Publishing Ltd.";No;No;;-;6;10;0;401;0;0;0,00;40,10;50,00;0;United Kingdom;Western Europe;"Emerald Group Publishing Ltd.";"2015, 2017, 2019-2020, 2023";"Library and Information Sciences";"Social Sciences"
253;21100808441;"Teorie Vedy / Theory of Science";journal;"12100250, 18046347";"Czech Academy of Sciences";Yes;Yes;;-;7;21;66;988;6;62;0,10;47,05;16,67;0;Czech Republic;Eastern Europe;"Czech Academy of Sciences";"2010-2025";"History and Philosophy of Science";"Arts and Humanities"
254;21100854118;"Wacana";journal;"14112272, 24076899";"Faculty of Humanities, University of Indonesia";Yes;Yes;;-;9;21;0;725;0;0;0,00;34,52;37,50;2;Indonesia;Asiatic Region;"Faculty of Humanities, University of Indonesia";"2015-2025";"Anthropology; Arts and Humanities (miscellaneous); Cultural Studies; Library and Information Sciences";"Arts and Humanities; Social Sciences"
